{
    "matrix": [
        0.11140204907799013,
        -1.071372787061227,
        742.8213345895311,
        -1.0869498925046757,
        -0.08737864731353348,
        412.3046509083447
    ],
    "image_file": "tracks/models/okayama/okayama.png",
    "telemetry_points": [
        [
            -221.89525909506824,
            -169.31274435854573
        ],
        [
            -199.91625474687794,
            164.76812173394558
        ],
        [
            28.665390474300352,
            85.64370608046079
        ],
        [
            216.58587765132665,
            639.5146156548542
        ],
        [
            179.22157025940328,
            196.63767803882138
        ],
        [
            52.842295257309615,
            -166.01589370631723
        ],
        [
            33.06119134393839,
            -25.3502658778998
        ],
        [
            -96.614934310384,
            -7.767062399347651
        ],
        [
            -84.52648191887931,
            -326.4626254481058
        ],
        [
            4.488485691291089,
            -247.33820979462104
        ],
        [
            -4.303116047984986,
            -452.84190045019955
        ],
        [
            -169.14564865941168,
            -494.60200871176096
        ],
        [
            -238.37951235621085,
            20.80564325329965
        ]
    ],
    "image_points": [
        [
            899.4068728193326,
            667.4675329166993
        ],
        [
            559.892605219103,
            617.9034062597314
        ],
        [
            654.0644458673419,
            378.3434607510535
        ],
        [
            87.38126442267617,
            117.30572702435609
        ],
        [
            538.4148170010835,
            194.13012334265625
        ],
        [
            922.5367985925843,
            373.3870480853567
        ],
        [
            779.6269000649938,
            378.3434607510535
        ],
        [
            753.1926991812777,
            528.6879782771892
        ],
        [
            1093.5330355591234,
            532.8183221652699
        ],
        [
            1005.9697451318136,
            431.2118625184859
        ],
        [
            1223.225833644856,
            458.4721321798181
        ],
        [
            1258.7467910823495,
            629.4683691463572
        ],
        [
            663.1512024211195,
            664.1632578062347
        ]
    ],
    "corners": [
        {
            "startDistPct": 0.0278431344777345,
            "endDistPct": 0.0950718894600868,
            "apexDistPct": 0.065,
            "cornerId": 1
        },
        {
            "startDistPct": 0.1119973883032798,
            "endDistPct": 0.1510091871023178,
            "apexDistPct": 0.132,
            "cornerId": 2
        },
        {
            "startDistPct": 0.2708383202552795,
            "endDistPct": 0.3383893668651581,
            "apexDistPct": 0.3061,
            "cornerId": 3
        },
        {
            "startDistPct": 0.5137984752655029,
            "endDistPct": 0.5718554258346558,
            "apexDistPct": 0.5579,
            "cornerId": 4
        },
        {
            "startDistPct": 0.5826959013938904,
            "endDistPct": 0.6114363670349121,
            "apexDistPct": 0.5982,
            "cornerId": 5
        },
        {
            "startDistPct": 0.6235243678092957,
            "endDistPct": 0.6527614593505859,
            "apexDistPct": 0.6417,
            "cornerId": 6
        },
        {
            "startDistPct": 0.7055312395095825,
            "endDistPct": 0.745864748954773,
            "apexDistPct": 0.7303,
            "cornerId": 7
        },
        {
            "startDistPct": 0.7513677477836609,
            "endDistPct": 0.7837059497833252,
            "apexDistPct": 0.7694,
            "cornerId": 8
        },
        {
            "startDistPct": 0.8145710825920105,
            "endDistPct": 0.847261369228363,
            "apexDistPct": 0.8146,
            "cornerId": 9
        },
        {
            "startDistPct": 0.8577559590339661,
            "endDistPct": 0.9008453488349916,
            "apexDistPct": 0.8811,
            "cornerId": 10
        }
    ],
    "sectors": [
        {
            "sector": 1,
            "startDistPct": 0.0,
            "endDistPct": 25.98
        },
        {
            "sector": 2,
            "startDistPct": 25.98,
            "endDistPct": 50.97
        },
        {
            "sector": 3,
            "startDistPct": 50.97,
            "endDistPct": 69.51
        },
        {
            "sector": 4,
            "startDistPct": 69.51,
            "endDistPct": 100.0
        }
    ]
}